﻿<?xml version="1.0" encoding="utf-8"?>
<ConfigurationPolicy version="3.7.72.0">
  <Feature Name="Color">
    <Queue Name="MSN Shirley Copier - B&amp;W" UID="61C80482-FF23-98E2-718F-3345E45F5C72">
      <Setting Name="Monochrome" Behavior="EnforcedDefault" />
    </Queue>
    <Queue Name="MSN Shirley Copier - Color" UID="D82FAF1D-9720-6418-5676-D1763F62D900">
      <Setting Name="Color" Behavior="Default" />
    </Queue>
    <Queue Name="MSN Frida Copier - B&amp;W" UID="0C2540FC-3D80-668D-4638-2C766048608E">
      <Setting Name="Monochrome" Behavior="EnforcedDefault" />
    </Queue>
    <Queue Name="MSN Frida Copier - Color" UID="B2EBC46F-7214-BABC-1D9F-555A3C74D213">
      <Setting Name="Color" Behavior="Default" />
    </Queue>
    <Queue Name="MKE Workroom Copier - B&amp;W" UID="91BC2FD4-A42C-57BA-08AC-593E28179ECD">
      <Setting Name="Monochrome" Behavior="EnforcedDefault" />
    </Queue>
    <Queue Name="MKE Workroom Copier - Color" UID="6825839C-6FC2-4666-7557-175B3B0BEF9B">
      <Setting Name="Color" Behavior="Default" />
    </Queue>
    <Queue Name="MKE Annex Copier - B&amp;W" UID="7E4F09C9-C1E2-E171-4AB0-6366DD00FD92">
      <Setting Name="Monochrome" Behavior="EnforcedDefault" />
    </Queue>
    <Queue Name="MKE Annex Copier - Color" UID="336EC54F-4B9E-50F4-BDA6-7B3D3EB77163">
      <Setting Name="Color" Behavior="Default" />
    </Queue>
  </Feature>
  <Feature Name="SecurePrintOnly" />
  <Feature Name="ReadCommunityName" />
  <Feature Name="WriteCommunityName" />
  <Feature Name="2-SidedPrinting">
    <Queue Name="MSN Shirley Copier - B&amp;W" UID="61C80482-FF23-98E2-718F-3345E45F5C72">
      <Setting Name="TwoSidedLongEdge" Behavior="Default" />
    </Queue>
    <Queue Name="MSN Shirley Copier - Color" UID="D82FAF1D-9720-6418-5676-D1763F62D900">
      <Setting Name="TwoSidedLongEdge" Behavior="Default" />
    </Queue>
    <Queue Name="MSN Frida Copier - B&amp;W" UID="0C2540FC-3D80-668D-4638-2C766048608E">
      <Setting Name="TwoSidedLongEdge" Behavior="Default" />
    </Queue>
    <Queue Name="MSN Frida Copier - Color" UID="B2EBC46F-7214-BABC-1D9F-555A3C74D213">
      <Setting Name="TwoSidedLongEdge" Behavior="Default" />
    </Queue>
    <Queue Name="MKE Workroom Copier - B&amp;W" UID="91BC2FD4-A42C-57BA-08AC-593E28179ECD">
      <Setting Name="TwoSidedLongEdge" Behavior="Default" />
    </Queue>
    <Queue Name="MKE Workroom Copier - Color" UID="6825839C-6FC2-4666-7557-175B3B0BEF9B">
      <Setting Name="TwoSidedLongEdge" Behavior="Default" />
    </Queue>
    <Queue Name="MKE Annex Copier - B&amp;W" UID="7E4F09C9-C1E2-E171-4AB0-6366DD00FD92">
      <Setting Name="TwoSidedLongEdge" Behavior="Default" />
    </Queue>
    <Queue Name="MKE Annex Copier - Color" UID="336EC54F-4B9E-50F4-BDA6-7B3D3EB77163">
      <Setting Name="TwoSidedLongEdge" Behavior="Default" />
    </Queue>
  </Feature>
  <Feature Name="ImageCompression" />
  <Feature Name="JobType">
    <Queue Name="MSN Shirley Copier - B&amp;W" UID="61C80482-FF23-98E2-718F-3345E45F5C72">
      <Setting Name="SecurePrintJobType" Behavior="EnforcedDefault" />
    </Queue>
    <Queue Name="MSN Shirley Copier - Color" UID="D82FAF1D-9720-6418-5676-D1763F62D900">
      <Setting Name="SecurePrintJobType" Behavior="EnforcedDefault" />
    </Queue>
    <Queue Name="MSN Frida Copier - B&amp;W" UID="0C2540FC-3D80-668D-4638-2C766048608E">
      <Setting Name="SecurePrintJobType" Behavior="EnforcedDefault" />
    </Queue>
    <Queue Name="MSN Frida Copier - Color" UID="B2EBC46F-7214-BABC-1D9F-555A3C74D213">
      <Setting Name="SecurePrintJobType" Behavior="EnforcedDefault" />
    </Queue>
    <Queue Name="MKE Workroom Copier - B&amp;W" UID="91BC2FD4-A42C-57BA-08AC-593E28179ECD">
      <Setting Name="SecurePrintJobType" Behavior="EnforcedDefault" />
    </Queue>
    <Queue Name="MKE Workroom Copier - Color" UID="6825839C-6FC2-4666-7557-175B3B0BEF9B">
      <Setting Name="SecurePrintJobType" Behavior="EnforcedDefault" />
    </Queue>
    <Queue Name="MKE Annex Copier - B&amp;W" UID="7E4F09C9-C1E2-E171-4AB0-6366DD00FD92">
      <Setting Name="SecurePrintJobType" Behavior="EnforcedDefault" />
    </Queue>
    <Queue Name="MKE Annex Copier - Color" UID="336EC54F-4B9E-50F4-BDA6-7B3D3EB77163">
      <Setting Name="SecurePrintJobType" Behavior="EnforcedDefault" />
    </Queue>
  </Feature>
  <Feature Name="DeviceCommunication" />
  <Feature Name="JobIdentification" />
  <Feature Name="ImagesPerPage" />
  <Feature Name="Staple" />
  <Feature Name="DraftMode" />
  <Feature Name="NormalPrintJobType" />
  <Feature Name="SecurePrintJobType" />
  <Feature Name="DelayedPrintJobType" />
  <Feature Name="SaveJobType" />
  <Feature Name="FaxJobType" />
  <Feature Name="PersonalPrintJobType" />
  <Feature Name="ProofPrintJobType" />
  <Feature Name="SavedJobType" />
  <Feature Name="PrintWithJobType" />
  <Feature Name="HoldJobType" />
  <Feature Name="CreateBackgroundFormJobType" />
  <Feature Name="HideJobName" />
  <Feature Name="LDAPPrinting" />
  <Feature Name="LDAPPrintingAuthentication" />
  <Feature Name="LDAPPrintingPrompt" />
  <Feature Name="LDAPPrintingExpiration" />
  <Feature Name="LDAPPrimaryHost" />
  <Feature Name="LDAPPrimaryPort" />
  <Feature Name="LDAPSecondaryHost" />
  <Feature Name="LDAPSecondaryPort" />
  <Feature Name="LDAPRoot" />
  <Feature Name="LDAPSearch" />
  <Feature Name="LDAPReturn" />
  <Feature Name="SavedSettings" />
  <Feature Name="CloudPrinting" />
  <Feature Name="CommonLoginServicesURL" />
  <Feature Name="CompanyCode" />
  <Feature Name="CloudTimeout" />
  <Feature Name="BWSync" />
  <Feature Name="ShareDiagnostics" />
  <Feature Name="TrueTypeFont" />
  <Feature Name="PullPrintPaperTrays" />
  <Feature Name="PullPrintStapler" />
  <Feature Name="PullPrintHolePunch" />
  <Feature Name="PullPrintBooklet" />
  <Feature Name="PullPrintProductivityPack" />
  <Feature Name="PullPrintEnvelopeMedia" />
  <Feature Name="PrintQuality" />
  <Feature Name="IntelligentRotationPrintingSetting" />
  <Feature Name="SubsequentRotationSettings" />
  <Feature Name="PaperSizeSubsequentRotationSetting" />
  <Feature Name="OrientationSubsequentRotationSetting" />
  <Feature Name="AccountingSystem" />
  <Feature Name="MaskUserID" />
  <Feature Name="MaskBillingID" />
  <Feature Name="MaskAccountID" />
  <Feature Name="TrackingOptions" />
  <Feature Name="PrintTimePrompt" />
  <Feature Name="RememberLastEnteredCodes" />
  <Feature Name="AccountingCodesUserID" />
  <Feature Name="AccountingCodesUserIDPasscode" />
  <Feature Name="AccountingCodesAccountType" />
  <Feature Name="AccountingCodesAccountID" />
  <Feature Name="AccountingCodesBillingID" />
  <Feature Name="AccountingCodesBillingIDPasscode" />
  <Feature Name="ICMMethod" />
  <Feature Name="ModelOrder">
    <Queue Name="MSN Shirley Copier - B&amp;W" UID="61C80482-FF23-98E2-718F-3345E45F5C72">
      <Setting Name="" />
    </Queue>
    <Queue Name="MSN Shirley Copier - Color" UID="D82FAF1D-9720-6418-5676-D1763F62D900">
      <Setting Name="" />
    </Queue>
    <Queue Name="MSN Frida Copier - B&amp;W" UID="0C2540FC-3D80-668D-4638-2C766048608E">
      <Setting Name="" />
    </Queue>
    <Queue Name="MSN Frida Copier - Color" UID="B2EBC46F-7214-BABC-1D9F-555A3C74D213">
      <Setting Name="" />
    </Queue>
    <Queue Name="MKE Workroom Copier - B&amp;W" UID="91BC2FD4-A42C-57BA-08AC-593E28179ECD">
      <Setting Name="" />
    </Queue>
    <Queue Name="MKE Workroom Copier - Color" UID="6825839C-6FC2-4666-7557-175B3B0BEF9B">
      <Setting Name="" />
    </Queue>
    <Queue Name="MKE Annex Copier - B&amp;W" UID="7E4F09C9-C1E2-E171-4AB0-6366DD00FD92">
      <Setting Name="" />
    </Queue>
    <Queue Name="MKE Annex Copier - Color" UID="336EC54F-4B9E-50F4-BDA6-7B3D3EB77163">
      <Setting Name="" />
    </Queue>
  </Feature>
  <Feature Name="ModelType">
    <Queue Name="MSN Shirley Copier - B&amp;W" UID="61C80482-FF23-98E2-718F-3345E45F5C72">
      <Setting Name="PrinterQueue" />
    </Queue>
    <Queue Name="MSN Shirley Copier - Color" UID="D82FAF1D-9720-6418-5676-D1763F62D900">
      <Setting Name="PrinterQueue" />
    </Queue>
    <Queue Name="MSN Frida Copier - B&amp;W" UID="0C2540FC-3D80-668D-4638-2C766048608E">
      <Setting Name="PrinterQueue" />
    </Queue>
    <Queue Name="MSN Frida Copier - Color" UID="B2EBC46F-7214-BABC-1D9F-555A3C74D213">
      <Setting Name="PrinterQueue" />
    </Queue>
    <Queue Name="MKE Workroom Copier - B&amp;W" UID="91BC2FD4-A42C-57BA-08AC-593E28179ECD">
      <Setting Name="PrinterQueue" />
    </Queue>
    <Queue Name="MKE Workroom Copier - Color" UID="6825839C-6FC2-4666-7557-175B3B0BEF9B">
      <Setting Name="PrinterQueue" />
    </Queue>
    <Queue Name="MKE Annex Copier - B&amp;W" UID="7E4F09C9-C1E2-E171-4AB0-6366DD00FD92">
      <Setting Name="PrinterQueue" />
    </Queue>
    <Queue Name="MKE Annex Copier - Color" UID="336EC54F-4B9E-50F4-BDA6-7B3D3EB77163">
      <Setting Name="PrinterQueue" />
    </Queue>
  </Feature>
</ConfigurationPolicy>